Regions,Human Development Index (HDI) 2017
Arab States,0.6989546547775298
East Asia and the Pacific,0.7334344181150004
Europe and Central Asia,0.7707206465944461
Latin America and the Caribbean,0.757989461237158
South Asia,0.6378349522966511
Sub-Saharan Africa,0.5371359746408567
